,2025-02-07
SPY US Equity,627054.3538
VOO US Equity,622276.802
IVV US Equity,599011.141
VTI US Equity,474060.3125
QQQ US Equity,327929.8801
VUG US Equity,159977.6157
1306 JP Equity,153299.4791
VEA US Equity,141166.967
VTV US Equity,135043.6067
IEFA US Equity,123933.6083
CSPX LN Equity,115235.5769
IWF US Equity,106270.4565
IJH US Equity,98738.5555
SWDA LN Equity,99702.62432
IJR US Equity,88713.5817
VIG US Equity,89297.8975
VGT US Equity,86172.1392
VWO US Equity,80881.3436
IEMG US Equity,80063.756
VXUS US Equity,78330.9622
VO US Equity,76464.2596
RSP US Equity,74028.20837
XLK US Equity,73100.1487
IWM US Equity,73166.4577
1308 JP Equity,72695.8265
SCHD US Equity,67238.9798
1321 JP Equity,69508.7624
1305 JP Equity,69718.8172
VB US Equity,65606.635
ITOT US Equity,66186.1297
VUSA LN Equity,66924.4887
IWD US Equity,62116.9362
VYM US Equity,61225.85
IVW US Equity,58461.9306
SPLG US Equity,58633.8938
510300 CH Equity,56641.02617
EFA US Equity,55966.8396
SCHX US Equity,53316.369
XLF US Equity,54588.6725
QUAL US Equity,50981.709
VT US Equity,42715.7526
VV US Equity,41857.1472
QQQM US Equity,42968.9943
SCHF US Equity,42206.7266
IWB US Equity,39511.2917
IWR US Equity,40046.3859
SPXS LN Equity,39404.1919
DIA US Equity,38869.7024
SCHG US Equity,38927.5358
VEU US Equity,39119.0194
JEPI US Equity,38764.5347
IXUS US Equity,38993.1844
XLV US Equity,37823.9537
510310 CH Equity,37535.39452
IVE US Equity,35429.4886
SPYG US Equity,35532.3765
XLE US Equity,32308.7202
VNQ US Equity,35547.0944
VWRD LN Equity,34746.9206
SCHB US Equity,33449.0712
DFAC US Equity,33569.1025
1330 JP Equity,33657.6713
VBR US Equity,31802.1452
DGRO US Equity,31368.9187
1320 JP Equity,31036.441
VONG US Equity,26421.0153
COWZ US Equity,25015.1913
MGK US Equity,25613.387
SPYV US Equity,25269.9652
SMH US Equity,22673.1727
MDY US Equity,24430.8036
XLY US Equity,23877.5497
510330 CH Equity,23803.9852
EMIM LN Equity,24107.34587
510050 CH Equity,23513.39211
159919 CH Equity,23327.48002
USMV US Equity,23577.0619
SPY5 LN Equity,23726.895
SBINIFT IN Equity,22549.88745
VXF US Equity,22402.337
JEPQ US Equity,22946.3832
XLI US Equity,21983.6577
SPDW US Equity,22703.1395
IUSG US Equity,21744.2078
SP5 FP Equity,22586.91544
1348 JP Equity,21957.902
XLC US Equity,21865.1835
VBK US Equity,20298.8098
EEDS LN Equity,20418.2817
IYW US Equity,20093.7085
DVY US Equity,19876.5558
SDY US Equity,19998.5508
IUSV US Equity,19937.831
EFV US Equity,20383.3274
ACWI US Equity,19623.0962
IUSA LN Equity,19124.63637
SCHA US Equity,18706.1449
XDWD LN Equity,19380.974
2800 HK Equity,19668.60756
IWP US Equity,18964.329
CSNDX SW Equity,18088.9292
VOE US Equity,17761.1012
FNDX US Equity,17917.5272
XLU US Equity,17407.8864
ISAC LN Equity,18050.1295
510500 CH Equity,17654.63024
VGK US Equity,17705.8774
VHT US Equity,16979.7862
XLP US Equity,16360.1843
AVUV US Equity,15987.579
VOT US Equity,16565.4538
IDEV US Equity,16712.4076
ZSP CN Equity,16108.49532
IWV US Equity,15718.0947
EFG US Equity,16076.9395
VOOG US Equity,16173.8316
EEM US Equity,16055.0284
EMXC US Equity,15546.9787
1346 JP Equity,15797.3231
MOAT US Equity,14738.9527
OEF US Equity,15163.1368
DGRW US Equity,15163.9034
VFV CN Equity,15367.74029
SOXX US Equity,13116.0539
MTUM US Equity,15879.415
DYNF US Equity,15085.2686
ISF LN Equity,14776.55344
IWY US Equity,14133.6327
XDEW GR Equity,12910.31145
ESGU US Equity,14037.7224
IWS US Equity,13786.5301
GDX US Equity,14234.6295
0050 TT Equity,14065.10378
FTEC US Equity,13590.2693
FNDF US Equity,13873.6785
RDVY US Equity,13674.3075
GSLC US Equity,13460.4506
SBISENX IN Equity,13387.9983
EWJ US Equity,13652.4525
DFUS US Equity,13364.2202
588000 CH Equity,13159.47899
IWO US Equity,12597.4375
EQQQ IM Equity,13098.13396
CGDV US Equity,13650.6161
JREU LN Equity,12677.7131
SPSM US Equity,12702.1817
159915 CH Equity,12951.44492
SPMD US Equity,12786.3673
VTWO US Equity,11719.4877
IWN US Equity,12295.1115
HMWD LN Equity,12583.14115
SPHQ US Equity,11733.74461
SCHV US Equity,12140.7063
VFH US Equity,12495.1786
NOBL US Equity,11682.0785
SCHM US Equity,11696.0735
SASU LN Equity,12041.17
00878 TT Equity,12070.27564
0056 TT Equity,11954.66166
DFUV US Equity,11605.9482
XIU CN Equity,11190.35743
1475 JP Equity,12016.3117
DFAT US Equity,11030.8094
VAS AU Equity,11052.66458
HDV US Equity,10799.2595
BBJP US Equity,11540.2235
SPPW GR Equity,10989.0921
IUIT LN Equity,10870.4987
D5BM GR Equity,10945.5254
SUSW LN Equity,10568.52702
XIC CN Equity,10654.02354
AMLP US Equity,10626.3152
VONV US Equity,10482.7378
ESGV US Equity,10499.07
I500 NA Equity,10449.6645
1591 JP Equity,10723.7819
SPTM US Equity,9938.6287
CGGR US Equity,10611.0684
512100 CH Equity,9995.96419
DFAS US Equity,9898.7875
IJK US Equity,9612.8622
IGV US Equity,11496.021
SPEM US Equity,10264.0529
XD9U GR Equity,9633.14935
WLD FP Equity,9837.5499
FNDA US Equity,9415.9385
XZMU GR Equity,9494.98405
00919 TT Equity,9521.61056
FVD US Equity,9326.0765
MEUD LN Equity,9623.06812
PAVE US Equity,8792.5875
SCHE US Equity,9357.1416
INDA US Equity,8649.5379
1329 JP Equity,9205.0161
FTCS US Equity,8752.9759
IMEU LN Equity,9001.08304
SMEA LN Equity,9063.40122
IJJ US Equity,8594.142
SYGUS SJ Equity,8798.82055
MGV US Equity,8732.5603
JREG LN Equity,8575.148
QYLD US Equity,8829.2835
VSS US Equity,8716.0376
ESGD US Equity,8633.3751
XSP CN Equity,8293.05429
XESX GR Equity,9137.98387
DFIV US Equity,8745.7774
SCZ US Equity,8583.8767
ESD FP Equity,7893.0617
SDVY US Equity,8301.7669
HSPX LN Equity,8164.47016
VDE US Equity,7688.1572
AVUS US Equity,8067.3551
XLG US Equity,8615.1245
XZW0 GR Equity,8042.63881
CALF US Equity,7168.3882
588080 CH Equity,8057.47409
VUN CN Equity,8004.59859
VYMI US Equity,8114.0603
IQLT US Equity,7904.1981
IJS US Equity,7512.9831
ONEQ US Equity,7702.613
CIBR US Equity,8367.4271
XMWO GR Equity,7879.87177
SX5EEX GR Equity,7829.75672
IWRD LN Equity,7806.27016
PRF US Equity,7660.5222
BBCA US Equity,7732.9015
SCHH US Equity,7501.2902
DUHP US Equity,7680.2465
DFAI US Equity,7912.3976
DFIC US Equity,7675.7869
DFAU US Equity,7423.9615
SPLV US Equity,7385.6062
VLUE US Equity,7211.1511
ACWIU SW Equity,7493.4625
AVEM US Equity,7378.688
DAXEX GR Equity,7378.69741
DFAX US Equity,7349.6429
FXI US Equity,7513.3801
SXXPIEX GR Equity,7341.48283
XLRE US Equity,7228.2928
VIGI US Equity,7228.6135
DBEF US Equity,7428.4594
IVV AU Equity,7247.79367
LCUW GR Equity,6910.34165
VDEV LN Equity,7253.879
IUSE LN Equity,7013.48975
VDC US Equity,7199.8668
500 FP Equity,6914.44399
EZU US Equity,7348.1656
XMUS GR Equity,6778.81244
XEF CN Equity,7117.01632
VPU US Equity,6655.0813
SPYD US Equity,6766.2718
VPL US Equity,6928.1823
FDN US Equity,7303.3887
VCR US Equity,6650.3213
00929 TT Equity,6691.01226
UTNIFTY IN Equity,6638.3179
IJT US Equity,6643.8191
ZCN CN Equity,7020.31545
JGLO US Equity,6652.8863
ITA US Equity,6673.7914
MGC US Equity,6688.1713
JIRE US Equity,6779.1666
IOO US Equity,6610.4154
AVDV US Equity,6975.2413
S500 FP Equity,6269.4293
ARKK US Equity,6758.161
VGS AU Equity,6426.17441
IBB US Equity,6469.534
VUKE LN Equity,6550.63157
XUS CN Equity,6320.04682
XMHQ US Equity,6198.0853
UIMM GR Equity,6161.21324
513050 CH Equity,6282.96277
XBI US Equity,6011.0362
BUFR US Equity,6367.5835
FNDE US Equity,6366.9806
SMSWLD GR Equity,6308.47067
PBUS US Equity,6146.2762
ZEA CN Equity,6216.17557
006208 TT Equity,6262.2382
VCN CN Equity,6078.58222
IGM US Equity,6022.2219
EEUD LN Equity,6086.47831
XMME GR Equity,6027.11422
VIS US Equity,5759.9723
SUAS LN Equity,5544.5794
LYYB GR Equity,6005.91395
VHYD LN Equity,5993.3903
CSEMU SW Equity,5967.14122
HEFA US Equity,6069.7588
AEME FP Equity,5848.4864
AVLV US Equity,5681.8156
SMSUSA GR Equity,5519.35257
PABH FP Equity,5618.19098
JQUA US Equity,5865.3864
VONE US Equity,5560.4188
AVDE US Equity,5634.0588
SJPA LN Equity,5825.69316
UST FP Equity,5522.90599
159845 CH Equity,5432.97893
IXN US Equity,5309.2802
KWEB US Equity,6438.8483
EWT US Equity,5296.3147
AHYQ GR Equity,5430.66879
VOOV US Equity,5325.3694
EEDM LN Equity,5347.0633
CW8 FP Equity,5488.96471
1593 JP Equity,5423.9204
360750 KS Equity,5468.62214
IGF US Equity,5327.8368
GUNR US Equity,4947.937
513330 CH Equity,5206.64063
MGOC AU Equity,5198.16538
UTISENX IN Equity,5021.63844
R2US LN Equity,5135.4984
3033 HK Equity,5297.93684
EEWD LN Equity,5113.9194
XDAX GR Equity,5276.46966
EFAV US Equity,5019.5848
WSML LN Equity,5130.4713
NDIA LN Equity,5157.2503
OMFL US Equity,5009.7297
CGGO US Equity,5271.6026
XLB US Equity,5689.1046
IHI US Equity,5107.3559
SPY4 LN Equity,5098.394
NDXEX GR Equity,5102.82185
512880 CH Equity,5010.71085
MCHI US Equity,5352.4338
PPA US Equity,4861.6125
DSI US Equity,4697.6595
BBIN US Equity,5006.6981
XMEU GR Equity,5064.32048
ACWX US Equity,4962.1093
GDXJ US Equity,5055.9287
DFAE US Equity,5069.8517
KRE US Equity,5267.7966
SPPY GR Equity,4699.75661
SAWD LN Equity,4862.3797
XMAW GR Equity,4808.20915
JGRO US Equity,4908.032
IEEM LN Equity,4793.41875
CEU2 FP Equity,4948.13296
FDL US Equity,4727.9398
CGUS US Equity,4894.2106
XDWT GR Equity,4719.94007
DLN US Equity,4651.4443
BBAX US Equity,4685.8298
CSSX5E SW Equity,4687.07608
00940 TT Equity,4558.4714
FDVV US Equity,4688.9617
EWSP NA Equity,4836.935
VOX US Equity,4891.6888
XMMO US Equity,4679.582
FELC US Equity,4471.384045
URTH US Equity,4452.2338
DFEM US Equity,4618.3953
QUAL AU Equity,4629.03601
SPMO US Equity,5127.6345
XEQT CN Equity,4616.03242
EMMUSA SW Equity,4540.3049
XAIX GR Equity,4747.43783
VEUR LN Equity,4583.80868
DFSV US Equity,4370.6666
ACWD LN Equity,4541.6641
BBUS US Equity,4414.0634
RWL US Equity,4956.5478
VEQT CN Equity,4435.08987
IUSK GR Equity,4383.32058
ESGE US Equity,4442.9502
CPSEBE IN Equity,4321.9793
A200 AU Equity,4397.57059
JHMM US Equity,4207.5822
EUN2 GR Equity,4423.63508
NBEES IN Equity,4503.29612
MWSH GR Equity,4150.7387
AWESGS SW Equity,4287.5098
IOZ AU Equity,4308.49804
SAEM LN Equity,4435.0922
EMUEUA GR Equity,4613.42811
CAC FP Equity,4304.20372
IWQU LN Equity,4189.5814
SCHK US Equity,4114.7194
CHDVD SW Equity,4421.2612
SLYV US Equity,3936.7732
IEUR US Equity,4157.6101
CHSPI SW Equity,4295.95154
LCUJ GR Equity,4251.34389
FBCG US Equity,4131.3326
JPNCHA SW Equity,4100.01818
VSGX US Equity,4090.779
EEMV US Equity,4085.7272
SPGP US Equity,3735.442
QTEC US Equity,3964.6447
ACWV US Equity,4112.9864
MWOE GR Equity,4399.46393
CBMEM SW Equity,3879.003
FV US Equity,3989.385
512170 CH Equity,3972.3638
069500 KS Equity,4054.06974
SCHC US Equity,4032.9177
DIVO US Equity,4068.4263
IDV US Equity,3998.5945
IYF US Equity,3985.2729
DON US Equity,3800.653
NDQ AU Equity,3956.96189
SUSA US Equity,3772.9753
159995 CH Equity,3837.80648
S5SD GR Equity,3760.14401
512480 CH Equity,3809.74084
VDNR LN Equity,3843.5535
UCAP SW Equity,3921.971
SLYG US Equity,3717.7424
DXJ US Equity,3825.7658
SPXE LN Equity,3766.0511
REET US Equity,3792.5047
BBEU US Equity,3846.7244
SKYY US Equity,4033.099
UDVD LN Equity,3690.6094
XZEW GR Equity,3906.26364
IXJ US Equity,3821.3089
513180 CH Equity,3732.29016
IYR US Equity,3904.6264
00713 TT Equity,3824.63144
512000 CH Equity,3697.15001
1473 JP Equity,3806.3757
RSPT US Equity,3591.9562
UKGBPB SW Equity,3647.84236
560010 CH Equity,3607.11274
NAFTRAC MM Equity,3766.68831
SAEU LN Equity,3720.42926
URA US Equity,3542.4817
ELFW GR Equity,3669.38011
KNG US Equity,3605.5824
GSIE US Equity,3643.1864
STW AU Equity,3603.06578
IWDE LN Equity,3702.96227
IWVL LN Equity,3469.2883
AIRR US Equity,3604.786
SEMA LN Equity,3627.44132
PTLC US Equity,3520.4969
VIU CN Equity,3567.43172
RBOT LN Equity,3449.3752
SPHD US Equity,3336.5166
2828 HK Equity,3828.90863
VTHR US Equity,3319.96
KBWB US Equity,3660.5643
MVOL LN Equity,3464.6983
FELG US Equity,3368.511451
HXS CN Equity,3337.03527
TCAF US Equity,3391.30286
VMID LN Equity,3153.25239
IFRA US Equity,3244.9297
XT US Equity,3256.6112
AEEM FP Equity,3360.90761
EWY US Equity,3221.4862
MSE FP Equity,3396.29523
BKLC US Equity,3273.0588
C50 FP Equity,3359.38016
CGXU US Equity,3360.4193
EUSRI FP Equity,3363.8233
133690 KS Equity,3275.16426
FEZ US Equity,3468.4445
159949 CH Equity,3197.20619
VIOO US Equity,3119.8975
IDP6 LN Equity,3131.4121
EMLP US Equity,3149.258
510180 CH Equity,3171.69841
EWZ US Equity,3280.351
IYH US Equity,3189.1743
SUSM LN Equity,3182.9209
DIHP US Equity,3272.3143
159941 CH Equity,3106.67737
XYLD US Equity,3227.7982
XSX6 GR Equity,3164.41666
EPI US Equity,3071.8731
512010 CH Equity,3076.29993
EMUD LN Equity,3182.23975
VDEM LN Equity,3153.0622
UBU3 GR Equity,3054.4644
EWU US Equity,3130.1539
FNDC US Equity,3127.6262
DFLV US Equity,3074.1702
CSEMAS SW Equity,3076.4572
DACE AU Equity,3027.96126
VNQI US Equity,3071.1332
SMICHA SW Equity,3112.64371
HMEM LN Equity,2542.5252
TDIV US Equity,2937.8593
VDJP LN Equity,3143.15918
MDYG US Equity,2866.6868
ESGU LN Equity,2967.3917
CMXUS SW Equity,2936.668618
IUQA LN Equity,3017.7423
VSP CN Equity,2961.32462
XMJP GR Equity,3067.62618
XAR US Equity,2866.4189
159920 CH Equity,2916.97636
1599 JP Equity,3013.2261
PSGF35 IT Equity,2908.63287
MLPX US Equity,2738.9365
HXT CN Equity,2832.04868
USCA US Equity,2882.3382
CSPXJ SW Equity,2903.0034
USRT US Equity,2851.6736
VAW US Equity,2805.9845
1343 JP Equity,3031.9971
MSLC US Equity,2842.086676
AWSRIS SW Equity,2794.52729
CSUKX SW Equity,2904.36706
IHDG US Equity,2949.6034
ITB US Equity,2625.3273
SYGEU SJ Equity,2907.42182
SPYI US Equity,2930.2551
WELE GR Equity,3076.32622
ZLB CN Equity,2871.50121
IOO AU Equity,2830.43016
NUGO US Equity,2783.6322
JAVA US Equity,2832.3675
AIQ US Equity,3044.427
VERX LN Equity,2891.47913
ZEB CN Equity,3166.73563
GNR US Equity,2751.7543
DEM US Equity,2804.5946
BOTZ US Equity,2808.1002
SDGPEX GR Equity,2774.79961
159792 CH Equity,2721.94502
COPX US Equity,2725.2873
1369 JP Equity,2762.2734
FHLC US Equity,2779.2932
DJGTEEX GR Equity,2725.66475
EWC US Equity,2727.1526
SW2CHB SW Equity,2861.58104
FMDE US Equity,2822.165802
1592 JP Equity,2792.1474
VHY AU Equity,2695.26214
IWMO LN Equity,2799.5473
MDYV US Equity,2608.9352
SMH LN Equity,2493.5074
IMCG US Equity,2720.5168
PRFZ US Equity,2632.3593
USMC US Equity,2672.9805
513130 CH Equity,2612.13955
TNOW IM Equity,2585.00881
GSUS US Equity,2608.2474
NIFTYIET IN Equity,2582.50609
ISPY LN Equity,2791.50363
510880 CH Equity,2563.11187
ILCG US Equity,2551.445
IVOO US Equity,2522.9535
CNYA LN Equity,2572.4597
XDWH GR Equity,2681.50297
CSUSS SW Equity,2538.2234
KBE US Equity,2704.4317
379800 KS Equity,2645.57445
XUU CN Equity,2527.31734
XACTVINX SS Equity,2492.63394
HELO US Equity,2673.853827
IMID LN Equity,2649.718
QUU CN Equity,2586.69664
AAXJ US Equity,2519.4451
ANX FP Equity,2533.22875
VGAD AU Equity,2470.87525
MWOP GR Equity,2409.81081
TEC CN Equity,2465.39444
NFRA US Equity,2391.6134
ASHR US Equity,2391.7629
159922 CH Equity,2428.26388
1364 JP Equity,2504.0713
IWX US Equity,2462.9518
XOP US Equity,1958.732
XQQ CN Equity,2410.35668
IUFS LN Equity,2634.155
KLMN US Equity,2397.087351
VDY CN Equity,2380.43309
DFIS US Equity,2506.3424
2823 HK Equity,2363.27727
LRGF US Equity,2401.1566
ETHI AU Equity,2419.39702
83188 HK Equity,2388.13933
UBU7 GR Equity,2564.80594
IYY US Equity,2404.9935
USCL US Equity,2340.0761
EAGL US Equity,2384.049331
XZEU GR Equity,2421.71912
IUHC LN Equity,2430.06955
TPU CN Equity,2350.61794
381170 KS Equity,2312.75537
IMTM US Equity,2360.0429
XSEM CN Equity,2387.18373
FESM US Equity,2306.930922
2801 HK Equity,2405.78522
FELV US Equity,2259.430178
XRS2 GR Equity,2291.05108
XDEQ GR Equity,2376.89777
DISV US Equity,2361.1598
SXXEEX GR Equity,2279.59627
ZWB CN Equity,2164.86998
ZUE CN Equity,2279.88289
EPAB FP Equity,2295.04146
PHO US Equity,2165.5505
IH2O LN Equity,2192.96066
KOMP US Equity,2202.2575
CSSMI SW Equity,2278.69751
FNCL US Equity,2291.9451
FXO US Equity,2255.764
IAI US Equity,2326.4284
XZMJ GR Equity,2291.64284
DFGR US Equity,2244.854
GRID US Equity,2169.1119
512500 CH Equity,2152.98709
SPYX US Equity,2147.0633
TCHF76 IT Equity,2189.44099
ICICIB22 IN Equity,2146.75309
MTFF23 IT Equity,2177.58329
FDIS US Equity,2129.458
512760 CH Equity,2127.35905
XDEV GR Equity,2277.72668
1476 JP Equity,2254.4057
DSTL US Equity,2089.1141
XXSC GR Equity,2166.00606
3010 HK Equity,2143.19717
VFLO US Equity,2288.892055
INRG LN Equity,2040.65879
XAW CN Equity,2066.20559
RPV US Equity,1504.4919
DES US Equity,2003.4269
FXR US Equity,1987.0021
PR1J GR Equity,2203.40554
SECT US Equity,2036.203
513500 CH Equity,2031.01263
00918 TT Equity,2067.50378
MSTY US Equity,2026.97354
USSRI SW Equity,1971.4637
HACK US Equity,2161.83
ICF US Equity,2001.5196
MAGS US Equity,1991.9902
JREE LN Equity,2092.34041
EMSRI FP Equity,2027.45037
IXC US Equity,1923.9792
BBMC US Equity,1866.483
MORES1 IT Equity,2011.06719
IUVL LN Equity,1925.8303
ESML US Equity,1959.0837
IPAC US Equity,1985.3068
FEMR LN Equity,1990.4317
1489 JP Equity,2148.744
XHB US Equity,1831.5733
KSMF74 IT Equity,1955.41419
GCOW US Equity,1977.3421
QQEW US Equity,1930.39
FLJP US Equity,1907.3815
CSUS SW Equity,1936.4345
XSMI GR Equity,1984.26223
EUFN US Equity,2059.5045
GUSA US Equity,1889.4497
DFNS LN Equity,2184.6065
513100 CH Equity,1893.32736
PABU US Equity,1947.0678
513060 CH Equity,1874.67795
510900 CH Equity,1873.04799
00881 TT Equity,1871.45802
1615 JP Equity,1633.2762
GGRA LN Equity,1923.2953
ARKW US Equity,1930.6411
EPP US Equity,1856.98
QDF US Equity,1856.343
XDJP GR Equity,1828.80703
RWR US Equity,1807.0371
381180 KS Equity,1752.16562
XD5E GR Equity,1946.17641
FIW US Equity,1804.4244
HRLF25 IT Equity,1875.43761
VAP AU Equity,1835.61255
IVLU US Equity,1878.9238
FENI US Equity,1907.499779
RWJ US Equity,1784.3012
MLPA US Equity,1814.9522
IYC US Equity,1657.0899
DXUS IM Equity,1781.21309
SAJP LN Equity,1896.2366
PVAL US Equity,2029.5231
JMEE US Equity,1842.3367
TILT US Equity,1768.0364
CEU FP Equity,1953.39589
TTP CN Equity,1784.94355
PXF US Equity,1779.1708
WSRIA SW Equity,1723.9546
KLMT US Equity,1223.022171
IDWP LN Equity,1683.5964
RECS US Equity,1840.0914
BOVA11 BZ Equity,1969.12253
WAT FP Equity,1728.03629
DGS US Equity,1694.548
LWCR GR Equity,1731.43967
UIMP GR Equity,1673.38484
APUE US Equity,1749.5446
CMU FP Equity,1821.12457
IWL US Equity,1699.8442
RDVI US Equity,1757.4795
NESG LN Equity,1613.6098
IYG US Equity,1745.0777
NULV US Equity,1672.5864
EXCH NA Equity,1965.267
1474 JP Equity,1742.5265
FUTY US Equity,1660.9732
515330 CH Equity,1684.30199
EEJD LN Equity,1745.9085
EFIV US Equity,1701.2385
XME US Equity,1626.5105
IYJ US Equity,1630.1135
SNPE US Equity,1663.9993
SENSEXIE IN Equity,1670.01464
ACIO US Equity,1702.9377
MVW AU Equity,1678.94761
OIH US Equity,1433.0804
HDEF US Equity,1718.0501
XUFN GR Equity,1758.86197
XSOE US Equity,1688.2849
278530 KS Equity,1639.02335
FLIN US Equity,1716.6497
588050 CH Equity,1654.97363
ACWI FP Equity,1692.21816
EJAP FP Equity,1742.23259
LOCK LN Equity,1759.353
CWI US Equity,1662.5242
REGL US Equity,1605.2767
159629 CH Equity,1631.86327
RPG US Equity,1790.3738
EQL CN Equity,1640.13906
KSMF80 IT Equity,1658.41762
SMLF US Equity,1666.5326
2524 JP Equity,1668.0425
ICHN NA Equity,1708.9098
FXD US Equity,1596.8504
MSRUSA SW Equity,1616.2805
VXC CN Equity,1619.78687
FENY US Equity,1520.0019
LVHI US Equity,1695.1746
FUSA LN Equity,1611.8594
512690 CH Equity,1599.41463
BMOGEAN CN Equity,1585.18736
159928 CH Equity,1583.13157
IAUP LN Equity,1708.5068
RSSL US Equity,1561.540778
PSGF65 IT Equity,1598.6166
HEDJ US Equity,1584.8706
NULG US Equity,1518.3328
BSVO US Equity,1540.1426
USRIH IM Equity,1470.27913
ZQQ CN Equity,1546.0
SPISI SW Equity,1691.3961
CGDG US Equity,1627.843492
IEV US Equity,1577.9602
NSCE CN Equity,1591.13226
URNM US Equity,1473.6634
INFR LN Equity,1529.14752
QLTY US Equity,1592.751322
VEE CN Equity,1563.68236
FLQL US Equity,1552.873
EWRD FP Equity,1516.6986
NVDY US Equity,1510.7347
IPRP LN Equity,1633.01377
AVSC US Equity,1500.8933
SMMCHA SW Equity,1544.15309
VDPX LN Equity,1446.49535
SADU FP Equity,1347.6425
VCE CN Equity,1515.81633
ECN FP Equity,1465.95905
LCEUD FP Equity,1465.95905
ESGE FP Equity,1440.14511
XSD US Equity,1326.1703
XCS6 GR Equity,1557.36604
SPICHA SW Equity,1553.01916
RYLD US Equity,1485.7466
ETFDAX GR Equity,1573.30448
00662 TT Equity,1534.86914
XSMO US Equity,1491.8821
CSINDU SW Equity,1521.2556
IGSU LN Equity,1490.0745
458730 KS Equity,1522.92471
FXL US Equity,1478.1418
EWA US Equity,1454.1626
UBUT GR Equity,1455.68461
SAUM LN Equity,1514.8994
CANCDA SW Equity,1359.06492
RSENSEX IN Equity,1550.49518
PABW FP Equity,1903.24278
BIZD US Equity,1509.0497
VIOV US Equity,1381.6939
159977 CH Equity,1450.66162
SX7PEX GR Equity,1522.67248
ZLU CN Equity,1473.19447
QUS US Equity,1464.7131
IEVL LN Equity,1495.62278
XCHA GR Equity,1477.28452
310970 KS Equity,1432.59177
FCOM US Equity,1526.1116
JREM LN Equity,1468.945
SMMD US Equity,1412.5471
IWDC SW Equity,1428.22567
MPAB NA Equity,1433.59894
WRDCHA SW Equity,1433.36971
ICLN US Equity,1347.3755
AASI FP Equity,1431.54947
PDP US Equity,1401.3671
SITU CN Equity,1357.82388
1597 JP Equity,1436.7442
SRECHA SW Equity,1399.48734
VGG CN Equity,1440.58476
UIMR GR Equity,1446.36287
UET5 GR Equity,1556.06278
BND US Equity,123628.1009
AGG US Equity,121332.9087
BNDX US Equity,63042.0576
TLT US Equity,52236.8316
VCIT US Equity,48672.7234
BIL US Equity,37241.3172
MBB US Equity,36603.373
VCSH US Equity,35563.7941
BSV US Equity,32963.3647
IUSB US Equity,32397.9033
SGOV US Equity,33345.1561
IEF US Equity,32103.0902
VGIT US Equity,30876.9488
GOVT US Equity,29838.4583
LQD US Equity,30520.4708
JPST US Equity,29182.8452
SHY US Equity,23005.786
BIV US Equity,21416.8748
VGSH US Equity,21169.659
IGSB US Equity,21147.0912
IBTU LN Equity,20719.0229
VMBS US Equity,19733.5985
SHV US Equity,19377.6351
USHY US Equity,18534.641
JAAA US Equity,20306.7426
USFR US Equity,17596.0727
FBND US Equity,17515.3385
IEI US Equity,15360.2047
HYG US Equity,14615.3153
PFF US Equity,14670.6472
IEAC LN Equity,14636.64676
IGIB US Equity,14945.9281
VCLT US Equity,13739.8231
EMB US Equity,13936.7442
TIP US Equity,13777.4444
HGAD LN Equity,12078.0908
MINT US Equity,12311.6028
USIG US Equity,12275.0638
VTIP US Equity,12337.3866
SCHP US Equity,11755.0122
SCHO US Equity,11431.5014
STIP US Equity,11055.5577
AGGG LN Equity,10653.11049
SPTL US Equity,10939.2975
IBTS LN Equity,10722.51923
SCHR US Equity,10162.6887
PULS US Equity,9963.0482
VGLT US Equity,9808.8827
BKLN US Equity,10270.0468
SPIB US Equity,9751.3882
00679B TT Equity,9444.44377
SRLN US Equity,9224.9655
SCHZ US Equity,8617.8431
SPSB US Equity,8695.4558
LQDE LN Equity,8457.0141
SPAB US Equity,8202.615
HGVU LN Equity,8252.9188
FLOT US Equity,8381.9861
00937B TT Equity,8097.3169
SCHI US Equity,7839.1042
IBTM LN Equity,7614.114
00687B TT Equity,7698.72186
JNK US Equity,8021.0097
CSBGU7 SW Equity,7718.6441
IHYG LN Equity,7575.38312
BINC US Equity,7658.0302
SPPU GR Equity,7393.34342
SPHY US Equity,7234.3191
IAGG US Equity,7085.8376
TLH US Equity,7157.5446
IEMB LN Equity,6855.3898
SPTI US Equity,7288.256
ECRP FP Equity,6872.44279
ZAG CN Equity,6867.0536
TFLO US Equity,6522.758
SDIG LN Equity,6484.6678
SHYG US Equity,6514.1758
FTSM US Equity,6208.9098
IDTL LN Equity,6370.7055
DFCF US Equity,6110.1054
GBIL US Equity,5773.3328
FPE US Equity,5826.0731
EUNH GR Equity,5853.05264
XBB CN Equity,5820.59011
SPTS US Equity,5791.6925
SPMB US Equity,5699.6136
IUAG LN Equity,5637.0179
EPSTRINC CN Equity,5465.73857
BLV US Equity,5515.124
SUOE LN Equity,5511.18645
IHYU LN Equity,5620.9907
ICSH US Equity,5323.927
BOND US Equity,5225.9392
JCPB US Equity,5512.7136
SJNK US Equity,4952.3438
TBIL US Equity,4814.619
VWOB US Equity,4935.8168
00751B TT Equity,4901.93706
JMBS US Equity,4847.1094
IGLT LN Equity,4672.12075
LMBS US Equity,4732.9614
ITPS LN Equity,4787.27875
00720B TT Equity,4652.77499
VDST LN Equity,4642.6188
SE15 LN Equity,4497.18614
PGX US Equity,4336.7713
FIXD US Equity,4362.7373
VUSB US Equity,4328.4725
CWB US Equity,4419.7663
FLOT LN Equity,4412.2472
IGLS LN Equity,4398.08849
VECP LN Equity,4423.78352
ERNE LN Equity,4122.86128
VAGS LN Equity,4379.3451
CORP LN Equity,4173.3602
ISTB US Equity,4261.7022
BSCQ US Equity,4247.9972
CGCP US Equity,4331.9167
CASH CN Equity,4305.79275
00725B TT Equity,4001.49737
511520 CH Equity,3970.51827
CSBGU0 SW Equity,3908.2603
BSCP US Equity,3905.5711
DFSD US Equity,4049.7555
00772B TT Equity,3858.14411
VETY LN Equity,3865.22781
511380 CH Equity,3794.58191
VAB CN Equity,3823.97371
SYBZ GR Equity,3838.62697
XBLC GR Equity,3816.08927
VUCP LN Equity,3656.66982
EDV US Equity,3781.9515
GGOV FP Equity,3772.84005
XGLE GR Equity,3650.89195
EAGG US Equity,3685.8458
QDVL GR Equity,3627.34462
2821 HK Equity,3576.1586
TOTL US Equity,3410.2608
HYLB US Equity,3465.7455
511360 CH Equity,3371.10601
BILS US Equity,3378.2866
CB3 FP Equity,3432.05704
GVI US Equity,3268.8559
EHYA NA Equity,3393.04506
BBIL LN Equity,3207.1577
SRIC FP Equity,3269.74812
IBDQ US Equity,3188.1852
IBDR US Equity,3196.7277
00761B TT Equity,3096.85114
00724B TT Equity,3073.85178
00773B TT Equity,3089.82079
PYLD US Equity,3468.346851
NEAR US Equity,3080.5795
AGGE NA Equity,3033.3102
ANGL US Equity,3007.1224
XB4F GR Equity,2980.22399
GAGG FP Equity,3061.81825
XT01 GR Equity,3000.57689
IBDS US Equity,2910.6314
SGLO LN Equity,2831.40072
EMES LN Equity,2854.3797
IEML LN Equity,2809.7531
ECRP3 FP Equity,2671.89817
CNYB NA Equity,2719.7211
IGLB US Equity,2668.8949
GEMU FP Equity,2728.86814
ICVT US Equity,2687.7879
ZFL CN Equity,2628.20494
00746B TT Equity,2680.55492
XUTD LN Equity,2634.2956
VUTY LN Equity,2670.25198
ZST CN Equity,2712.8614
BSCR US Equity,2863.55
JPIE US Equity,2781.3898
EMLC US Equity,2647.878
FLRN US Equity,2602.503
HBB CN Equity,2560.68856
JBEM FP Equity,2606.54456
IBDT US Equity,2590.4419
GSY US Equity,2563.3035
IMBS LN Equity,2604.7047
DBZB GR Equity,2515.92637
00933B TT Equity,2387.22623
PFFD US Equity,2334.5996
SRIC3 FP Equity,2388.80836
FTSL US Equity,2349.3554
SUOU NA Equity,2334.1516
FLCB US Equity,2379.103
UITB US Equity,2350.6536
VNLA US Equity,2315.8089
BSCS US Equity,2403.4824
IBDU US Equity,2301.9571
IBCX LN Equity,2144.98481
VDUC LN Equity,2262.7154
IBTF US Equity,2235.1801
ZIC CN Equity,2211.49786
EMCR LN Equity,2264.6031
SLQD US Equity,2196.0926
SECD GR Equity,2169.1145
SRIC5 FP Equity,2191.63807
SLXX LN Equity,2174.1617
BETF430 IN Equity,2135.0816
PAAA US Equity,2391.286182
ZMU CN Equity,2128.20709
MINT LN Equity,2115.558
CSBGE3 SW Equity,2133.21893
00795B TT Equity,2126.91915
CGMS US Equity,2225.0485
IBGX LN Equity,2085.47594
PMIF CN Equity,2147.30942
TDTT US Equity,2163.6106
00740B TT Equity,2057.55648
PR1C GR Equity,2101.99786
HYLD LN Equity,2051.0945
ERND LN Equity,2104.7627
MTA FP Equity,1993.05266
NSCB CN Equity,2029.94736
FLTR US Equity,2142.5314
273130 KS Equity,2006.67961
HTRB US Equity,2028.785
TBLL US Equity,2043.0605
FALN US Equity,2014.05
EUN4 GR Equity,1954.17261
BKAG US Equity,1978.5011
PFXF US Equity,1924.5406
XSB CN Equity,1850.64036
EMBE LN Equity,1891.55262
MDBA GR Equity,1906.05322
H41R GR Equity,2066.95123
PJS1 GR Equity,1821.32321
VRP US Equity,1931.5837
ZCS CN Equity,2027.49732
00777B TT Equity,1957.30435
FSEC US Equity,2128.5039
IBGS LN Equity,1816.61514
EBND US Equity,1860.8875
EGOV FP Equity,1877.23672
FLCP CN Equity,1846.83933
IS15 LN Equity,1866.90787
00792B TT Equity,1845.97261
GTO US Equity,1843.832
DHYD NA Equity,1816.9214
00722B TT Equity,1814.28137
SYBB GR Equity,1825.82501
CHCORP SW Equity,1807.33432
IAF AU Equity,1796.84176
SPBO US Equity,1761.6345
XHYG GR Equity,1830.64264
EGRI FP Equity,1748.77416
NUBF CN Equity,1752.84887
BSCT US Equity,1827.0816
511220 CH Equity,1689.66607
CGCB US Equity,1791.772607
JBBB US Equity,1923.8168
SDHY LN Equity,1799.5116
HYLS US Equity,1667.0863
UIMC GR Equity,1685.97893
IBTG US Equity,1709.8549
00778B TT Equity,1679.32069
MTB FP Equity,1643.91375
QLTA US Equity,1709.2614
PR1R GR Equity,1619.59223
IB28 GR Equity,1665.75116
VCRB US Equity,1691.86115
FPEI US Equity,1580.6583
U71G LN Equity,1605.5911
SUN20STY CN Equity,1576.46589
IBCI LN Equity,1604.69188
00723B TT Equity,1539.6412
IBDV US Equity,1647.6562
ZROZ US Equity,1550.3098
511030 CH Equity,1514.3494
GCVB LN Equity,1531.9467
MTBA US Equity,1509.306713
BETF0431 IN Equity,1486.14295
GILS LN Equity,1553.15531
HYGV US Equity,1511.2712
STHY LN Equity,1500.97
IUS6 GR Equity,1479.60596
BBAG US Equity,1519.8505
EMDD LN Equity,1459.9933
TIP5 LN Equity,1518.51
VAF AU Equity,1443.92753
DBXP GR Equity,1552.80893
PFFA US Equity,1467.3602
2510 JP Equity,1455.4296
SUBD AU Equity,1423.22406
IPAB GR Equity,1060.28791
SMTH US Equity,1418.54246
ERNS LN Equity,1707.53924
HYS US Equity,1427.413
TIPX US Equity,1367.7524
VBND AU Equity,1357.29339
X710 GR Equity,1395.55127
IS0M GR Equity,1369.12024
MTD FP Equity,1328.49095
JBND US Equity,1413.517014
EVTR US Equity,1433.2109
TDB CN Equity,1364.25372
UCRP FP Equity,1289.6606
453850 KS Equity,1366.28414
XCB CN Equity,1379.04316
IBTH US Equity,1354.0176
UNIY US Equity,1319.1887
IBDW US Equity,1344.7622
00764B TT Equity,1334.49285
CORP US Equity,1299.647
PCY US Equity,1311.9537
BSCU US Equity,1364.298
FSIG US Equity,1276.9831
EVLN US Equity,1286.9621
BETF0432 IN Equity,1229.73815
2621 JP Equity,1324.5921
00756B TT Equity,1261.52475
HYDB US Equity,1228.1537
VRIG US Equity,1248.9576
CRP FP Equity,1215.73178
EUNR GR Equity,1195.33363
RAVI US Equity,1202.4891
YEAR US Equity,1205.6108
TRXA LN Equity,1185.0622
TREX LN Equity,1185.0622
DFGP US Equity,1228.55271
MTI FP Equity,1187.84104
X57E GR Equity,1134.42458
CTBA CN Equity,1181.07445
IBCQ GR Equity,1136.2362
00726B TT Equity,1201.1235
BETF0425 IN Equity,1163.05136
IBGM LN Equity,1181.3586
HYUS LN Equity,1146.8852
BNDW US Equity,1080.6632
CACB CN Equity,1178.74356
214980 KS Equity,1135.34915
TIP1D SW Equity,1162.335
XDGU GR Equity,1135.12196
SGIL LN Equity,1191.86447
SUSU LN Equity,1145.9559
EUNS GR Equity,1108.53264
1482 JP Equity,1110.1676
AFRN FP Equity,1139.6414
VTC US Equity,1148.959
AHYG SP Equity,1125.339
XY4P GR Equity,1192.6655
UEF7 GR Equity,1075.17282
SUSC US Equity,1109.0645
CTBB CN Equity,1166.71265
V3GU LN Equity,1118.4473
MTE FP Equity,1124.81265
00779B TT Equity,1109.96821
PREF US Equity,1080.5736
CLIP US Equity,1078.770201
EMBI FP Equity,1114.3279
XZE5 GR Equity,1105.18332
VEMT LN Equity,1106.55793
00931B TT Equity,1051.19888
IB26 GR Equity,1090.71874
00785B TT Equity,1062.14126
IGEB US Equity,1017.9136
TIPU LN Equity,1055.0798
XSH CN Equity,1071.00349
SS1EUA SW Equity,1030.06886
ZCM CN Equity,1053.89517
00948B TT Equity,999.05824
ZPR CN Equity,1005.80609
XGB CN Equity,1018.60243
EBBB FP Equity,972.18952
US10 LN Equity,1089.517
QPON AU Equity,1019.72177
ZCPB CN Equity,1177.39226
BSJP US Equity,1001.8448
SUSB US Equity,1004.0115
JPLD US Equity,1044.964767
GOVI US Equity,1010.3455
BWX US Equity,975.7653
IBGL LN Equity,952.30018
00696B TT Equity,1000.75647
AT1 LN Equity,1005.536
XGIN GR Equity,906.37651
3053 HK Equity,892.62198
TLTW US Equity,1007.9648
X1G FP Equity,1034.57732
453540 KS Equity,989.1446
TRES LN Equity,1004.3059
LONZ US Equity,968.716
CGSD US Equity,982.8597
DUSB US Equity,1027.1367
BSJQ US Equity,999.4925
385540 KS Equity,946.51614
FCGB CN Equity,844.61638
AVIG US Equity,989.6432
IBDX US Equity,983.0939
XHLF US Equity,1065.991
SYBD GR Equity,889.05662
USTB US Equity,988.812
SPLB US Equity,912.8482
AGGY US Equity,905.9184
BBHY US Equity,927.2848
WING LN Equity,933.0639
00754B TT Equity,926.29524
MQDB AU Equity,930.8026
PSK US Equity,885.3668
SYB3 GR Equity,905.01094
CSBGE7 SW Equity,917.19493
BB3M LN Equity,933.8194
00749B TT Equity,917.52751
FCCB CN Equity,927.79291
IBTI US Equity,904.5003
JEST GR Equity,899.79161
ZGB CN Equity,912.97525
SYBC GR Equity,858.16785
ID28 LN Equity,905.1533
JT13 IM Equity,844.60611
PGF US Equity,843.0952
GIGB US Equity,861.8237
SPIP US Equity,909.9832
LDUR US Equity,828.4059
FLGV US Equity,849.0317
FLBL US Equity,930.4664
2512 JP Equity,873.1654
BSCV US Equity,877.7868
159650 CH Equity,826.35695
476550 KS Equity,849.3053
BHYB US Equity,819.064436
CBIL CN Equity,824.69785
GLTL LN Equity,897.3929
CLOI US Equity,905.6765
VBU CN Equity,912.49142
DFIP US Equity,835.1867
RCDB CN Equity,832.47223
159649 CH Equity,808.83115
00768B TT Equity,796.64786
SYFI US Equity,827.713573
VCEB US Equity,809.12
X03G GR Equity,841.74873
SCYB US Equity,840.6633
NHYB CN Equity,795.52882
DCU CN Equity,852.9483
494900 KS Equity,797.38357
GLTY LN Equity,782.18564
MUB CN Equity,780.07486
ZJK CN Equity,759.65074
TIGR LN Equity,801.7506
INXG LN Equity,752.96156
HSUV/U CN Equity,758.29
EFRN LN Equity,739.28186
AFLT FP Equity,760.8181
SBIF SP Equity,752.73528
APCB US Equity,757.5067
XLB CN Equity,752.94051
TDTF US Equity,762.3026
HPR CN Equity,697.01916
CLOZ US Equity,869.6729
IBIT US Equity,56362.44741056
FBTC US Equity,20322.221563
GBTC US Equity,19224.1818
ARKB US Equity,4988.696005
BOXX US Equity,5034.7861
ETHE US Equity,3426.5587
BITB US Equity,4001.216673
BTC US Equity,4015.1565
ETHA US Equity,3556.286899
BITX US Equity,3016.4868
UCON US Equity,3448.3244
BITO US Equity,2350.9364
FTLS US Equity,1901.4649
COINXBE SS Equity,1494.03644
ETH US Equity,1234.9801
HODL US Equity,1403.703981
BITC SW Equity,1434.0962
ASOL SW Equity,1157.067
FETH US Equity,1190.239302
BITU US Equity,1148.060709
DBMF US Equity,1383.0174
BTCE GR Equity,1271.55136
COINXBT SS Equity,1245.58364
BTCW SW Equity,1094.6971
BTCX/B CN Equity,888.27901
BRRR US Equity,850.362865
ABTC SW Equity,876.0185
ETHU US Equity,795.269533
BTCO US Equity,762.579041
EZBC US Equity,746.903359
FBTC CN Equity,700.02205
HASH11 BZ Equity,675.33669
VBTC GR Equity,700.76745
QAI US Equity,700.0788
AXRP SW Equity,552.86
ABNB SW Equity,575.45
UUP US Equity,390.0202
COINETHE SS Equity,519.66878
BTCC/B CN Equity,611.51132
CTA US Equity,650.6806
HASH SW Equity,415.6862
SLNC GR Equity,355.6602
GLD US Equity,80237.3088
IAU US Equity,36295.3131
IGLN LN Equity,19570.1159
SGLD LN Equity,18988.7671
4GLD GR Equity,15935.86562
SLV US Equity,13892.4555
GLDM US Equity,10282.467
GOLD FP Equity,6519.49236
XGDU LN Equity,6183.6409
ZGLD SW Equity,14012.3812
PHAU LN Equity,5395.3675
PDBC US Equity,4395.5997
SGOL US Equity,4140.3924
SGBS LN Equity,3453.896
518880 CH Equity,3361.42922
GBS LN Equity,3244.564
AUUSI SW Equity,3213.214
CMOD LN Equity,2960.75062
GOLD AU Equity,2491.23175
FTGC US Equity,2448.6581
EWG2 GR Equity,2206.1645
159937 CH Equity,1913.18859
GLD SJ Equity,1710.65781
SIVR US Equity,1537.0315
AUCHAH SW Equity,1642.16613
GBSP LN Equity,1641.59973
XAD5 GR Equity,1570.73686
IAUM US Equity,1458.0153
PHAG LN Equity,1823.3583
ZSIL SW Equity,2787.77115
DBC US Equity,1356.9789
BCI US Equity,1315.3365
WGLD LN Equity,1436.8092
159934 CH Equity,1362.06717
COMO FP Equity,1185.80237
ICOM LN Equity,1251.4689
OUNZ US Equity,1356.632
XAD1 GR Equity,1289.63583
COPA LN Equity,1299.19677
BARS LN Equity,1184.527
GLTR US Equity,1158.5595
ISLN LN Equity,1272.1195
GSG US Equity,1056.8119
PPLT US Equity,1070.0524
RMAU LN Equity,1059.5388
ENCO LN Equity,2050.2958
CCUSAS SW Equity,1617.1375
AAAU US Equity,1047.953
BAR US Equity,931.942
USO US Equity,1109.4376
DBA US Equity,883.5484
ROLL LN Equity,856.4448
CGL CN Equity,1138.85317
ZGOLD TI Equity,847.17017
XGDE GR Equity,799.58687
